Categoria,Subcategoria,Tarea,Unidad_ref,Rendimiento_base,Horas_por_unidad,Cuadrilla_base,Supuestos,Factores_ajuste,Materiales_basicos_por_unidad,Notas,Fuentes
Soldadura (Naval/Estructural),Filete a=4 mm,Soldar cordón filete 4 mm en posición plana (GMAW (MIG)),h/m de cordón,15.5407,0.064,1 soldador,a=4 mm; acero al carbono; densidad 7.85 t/m³; factor de arco=30%; proceso=GMAW (MIG); posición=plana,+20-40% en espacios confinados naval / intemperie; -10-20% con fijación/posicionamiento óptimos; inspección NDT añade tiempo,Hilo/electrodo según proceso; gas (GMAW/TIG); EPP; limpieza entre pasadas,Cálculo por masa y tasa de deposición efectiva; revisar WPS real del astillero,TWI; Lincoln Electric; Miller Welds (deposición y factores)
Soldadura (Naval/Estructural),Filete a=4 mm,Soldar cordón filete 4 mm en posición horizontal (GMAW (MIG)),h/m de cordón,13.9866,0.071,1 soldador,a=4 mm; acero al carbono; densidad 7.85 t/m³; factor de arco=30%; proceso=GMAW (MIG); posición=horizontal,+20-40% en espacios confinados naval / intemperie; -10-20% con fijación/posicionamiento óptimos; inspección NDT añade tiempo,Hilo/electrodo según proceso; gas (GMAW/TIG); EPP; limpieza entre pasadas,Cálculo por masa y tasa de deposición efectiva; revisar WPS real del astillero,TWI; Lincoln Electric; Miller Welds (deposición y factores)
Soldadura (Naval/Estructural),Filete a=4 mm,Soldar cordón filete 4 mm en posición vertical (GMAW (MIG)),h/m de cordón,11.6555,0.086,1 soldador,a=4 mm; acero al carbono; densidad 7.85 t/m³; factor de arco=30%; proceso=GMAW (MIG); posición=vertical,+20-40% en espacios confinados naval / intemperie; -10-20% con fijación/posicionamiento óptimos; inspección NDT añade tiempo,Hilo/electrodo según proceso; gas (GMAW/TIG); EPP; limpieza entre pasadas,Cálculo por masa y tasa de deposición efectiva; revisar WPS real del astillero,TWI; Lincoln Electric; Miller Welds (deposición y factores)
Soldadura (Naval/Estructural),Filete a=4 mm,Soldar cordón filete 4 mm en posición sobre-cabeza (GMAW (MIG)),h/m de cordón,10.1014,0.099,1 soldador,a=4 mm; acero al carbono; densidad 7.85 t/m³; factor de arco=30%; proceso=GMAW (MIG); posición=sobre-cabeza,+20-40% en espacios confinados naval / intemperie; -10-20% con fijación/posicionamiento óptimos; inspección NDT añade tiempo,Hilo/electrodo según proceso; gas (GMAW/TIG); EPP; limpieza entre pasadas,Cálculo por masa y tasa de deposición efectiva; revisar WPS real del astillero,TWI; Lincoln Electric; Miller Welds (deposición y factores)
Soldadura (Naval/Estructural),Filete a=4 mm,Soldar cordón filete 4 mm en posición plana (FCAW),h/m de cordón,23.6489,0.042,1 soldador,a=4 mm; acero al carbono; densidad 7.85 t/m³; factor de arco=30%; proceso=FCAW; posición=plana,+20-40% en espacios confinados naval / intemperie; -10-20% con fijación/posicionamiento óptimos; inspección NDT añade tiempo,Hilo/electrodo según proceso; gas (GMAW/TIG); EPP; limpieza entre pasadas,Cálculo por masa y tasa de deposición efectiva; revisar WPS real del astillero,TWI; Lincoln Electric; Miller Welds (deposición y factores)
Soldadura (Naval/Estructural),Filete a=4 mm,Soldar cordón filete 4 mm en posición horizontal (FCAW),h/m de cordón,21.284,0.047,1 soldador,a=4 mm; acero al carbono; densidad 7.85 t/m³; factor de arco=30%; proceso=FCAW; posición=horizontal,+20-40% en espacios confinados naval / intemperie; -10-20% con fijación/posicionamiento óptimos; inspección NDT añade tiempo,Hilo/electrodo según proceso; gas (GMAW/TIG); EPP; limpieza entre pasadas,Cálculo por masa y tasa de deposición efectiva; revisar WPS real del astillero,TWI; Lincoln Electric; Miller Welds (deposición y factores)
Soldadura (Naval/Estructural),Filete a=4 mm,Soldar cordón filete 4 mm en posición vertical (FCAW),h/m de cordón,17.7366,0.056,1 soldador,a=4 mm; acero al carbono; densidad 7.85 t/m³; factor de arco=30%; proceso=FCAW; posición=vertical,+20-40% en espacios confinados naval / intemperie; -10-20% con fijación/posicionamiento óptimos; inspección NDT añade tiempo,Hilo/electrodo según proceso; gas (GMAW/TIG); EPP; limpieza entre pasadas,Cálculo por masa y tasa de deposición efectiva; revisar WPS real del astillero,TWI; Lincoln Electric; Miller Welds (deposición y factores)
Soldadura (Naval/Estructural),Filete a=4 mm,Soldar cordón filete 4 mm en posición sobre-cabeza (FCAW),h/m de cordón,15.3718,0.065,1 soldador,a=4 mm; acero al carbono; densidad 7.85 t/m³; factor de arco=30%; proceso=FCAW; posición=sobre-cabeza,+20-40% en espacios confinados naval / intemperie; -10-20% con fijación/posicionamiento óptimos; inspección NDT añade tiempo,Hilo/electrodo según proceso; gas (GMAW/TIG); EPP; limpieza entre pasadas,Cálculo por masa y tasa de deposición efectiva; revisar WPS real del astillero,TWI; Lincoln Electric; Miller Welds (deposición y factores)
Soldadura (Naval/Estructural),Filete a=4 mm,Soldar cordón filete 4 mm en posición plana (SMAW (Electrodo)),h/m de cordón,6.7568,0.148,1 soldador,a=4 mm; acero al carbono; densidad 7.85 t/m³; factor de arco=30%; proceso=SMAW (Electrodo); posición=plana,+20-40% en espacios confinados naval / intemperie; -10-20% con fijación/posicionamiento óptimos; inspección NDT añade tiempo,Hilo/electrodo según proceso; gas (GMAW/TIG); EPP; limpieza entre pasadas,Cálculo por masa y tasa de deposición efectiva; revisar WPS real del astillero,TWI; Lincoln Electric; Miller Welds (deposición y factores)
Soldadura (Naval/Estructural),Filete a=4 mm,Soldar cordón filete 4 mm en posición horizontal (SMAW (Electrodo)),h/m de cordón,6.0811,0.164,1 soldador,a=4 mm; acero al carbono; densidad 7.85 t/m³; factor de arco=30%; proceso=SMAW (Electrodo); posición=horizontal,+20-40% en espacios confinados naval / intemperie; -10-20% con fijación/posicionamiento óptimos; inspección NDT añade tiempo,Hilo/electrodo según proceso; gas (GMAW/TIG); EPP; limpieza entre pasadas,Cálculo por masa y tasa de deposición efectiva; revisar WPS real del astillero,TWI; Lincoln Electric; Miller Welds (deposición y factores)
Soldadura (Naval/Estructural),Filete a=4 mm,Soldar cordón filete 4 mm en posición vertical (SMAW (Electrodo)),h/m de cordón,5.0676,0.197,1 soldador,a=4 mm; acero al carbono; densidad 7.85 t/m³; factor de arco=30%; proceso=SMAW (Electrodo); posición=vertical,+20-40% en espacios confinados naval / intemperie; -10-20% con fijación/posicionamiento óptimos; inspección NDT añade tiempo,Hilo/electrodo según proceso; gas (GMAW/TIG); EPP; limpieza entre pasadas,Cálculo por masa y tasa de deposición efectiva; revisar WPS real del astillero,TWI; Lincoln Electric; Miller Welds (deposición y factores)
Soldadura (Naval/Estructural),Filete a=4 mm,Soldar cordón filete 4 mm en posición sobre-cabeza (SMAW (Electrodo)),h/m de cordón,4.3919,0.228,1 soldador,a=4 mm; acero al carbono; densidad 7.85 t/m³; factor de arco=30%; proceso=SMAW (Electrodo); posición=sobre-cabeza,+20-40% en espacios confinados naval / intemperie; -10-20% con fijación/posicionamiento óptimos; inspección NDT añade tiempo,Hilo/electrodo según proceso; gas (GMAW/TIG); EPP; limpieza entre pasadas,Cálculo por masa y tasa de deposición efectiva; revisar WPS real del astillero,TWI; Lincoln Electric; Miller Welds (deposición y factores)
Soldadura (Naval/Estructural),Filete a=4 mm,Soldar cordón filete 4 mm en posición plana (GTAW (TIG)),h/m de cordón,4.223,0.237,1 soldador,a=4 mm; acero al carbono; densidad 7.85 t/m³; factor de arco=30%; proceso=GTAW (TIG); posición=plana,+20-40% en espacios confinados naval / intemperie; -10-20% con fijación/posicionamiento óptimos; inspección NDT añade tiempo,Hilo/electrodo según proceso; gas (GMAW/TIG); EPP; limpieza entre pasadas,Cálculo por masa y tasa de deposición efectiva; revisar WPS real del astillero,TWI; Lincoln Electric; Miller Welds (deposición y factores)
Soldadura (Naval/Estructural),Filete a=4 mm,Soldar cordón filete 4 mm en posición horizontal (GTAW (TIG)),h/m de cordón,3.8007,0.263,1 soldador,a=4 mm; acero al carbono; densidad 7.85 t/m³; factor de arco=30%; proceso=GTAW (TIG); posición=horizontal,+20-40% en espacios confinados naval / intemperie; -10-20% con fijación/posicionamiento óptimos; inspección NDT añade tiempo,Hilo/electrodo según proceso; gas (GMAW/TIG); EPP; limpieza entre pasadas,Cálculo por masa y tasa de deposición efectiva; revisar WPS real del astillero,TWI; Lincoln Electric; Miller Welds (deposición y factores)
Soldadura (Naval/Estructural),Filete a=4 mm,Soldar cordón filete 4 mm en posición vertical (GTAW (TIG)),h/m de cordón,3.1673,0.316,1 soldador,a=4 mm; acero al carbono; densidad 7.85 t/m³; factor de arco=30%; proceso=GTAW (TIG); posición=vertical,+20-40% en espacios confinados naval / intemperie; -10-20% con fijación/posicionamiento óptimos; inspección NDT añade tiempo,Hilo/electrodo según proceso; gas (GMAW/TIG); EPP; limpieza entre pasadas,Cálculo por masa y tasa de deposición efectiva; revisar WPS real del astillero,TWI; Lincoln Electric; Miller Welds (deposición y factores)
Soldadura (Naval/Estructural),Filete a=4 mm,Soldar cordón filete 4 mm en posición sobre-cabeza (GTAW (TIG)),h/m de cordón,2.745,0.364,1 soldador,a=4 mm; acero al carbono; densidad 7.85 t/m³; factor de arco=30%; proceso=GTAW (TIG); posición=sobre-cabeza,+20-40% en espacios confinados naval / intemperie; -10-20% con fijación/posicionamiento óptimos; inspección NDT añade tiempo,Hilo/electrodo según proceso; gas (GMAW/TIG); EPP; limpieza entre pasadas,Cálculo por masa y tasa de deposición efectiva; revisar WPS real del astillero,TWI; Lincoln Electric; Miller Welds (deposición y factores)
Soldadura (Naval/Estructural),Filete a=6 mm,Soldar cordón filete 6 mm en posición plana (GMAW (MIG)),h/m de cordón,6.907,0.145,1 soldador,a=6 mm; acero al carbono; densidad 7.85 t/m³; factor de arco=30%; proceso=GMAW (MIG); posición=plana,+20-40% en espacios confinados naval / intemperie; -10-20% con fijación/posicionamiento óptimos; inspección NDT añade tiempo,Hilo/electrodo según proceso; gas (GMAW/TIG); EPP; limpieza entre pasadas,Cálculo por masa y tasa de deposición efectiva; revisar WPS real del astillero,TWI; Lincoln Electric; Miller Welds (deposición y factores)
Soldadura (Naval/Estructural),Filete a=6 mm,Soldar cordón filete 6 mm en posición horizontal (GMAW (MIG)),h/m de cordón,6.2163,0.161,1 soldador,a=6 mm; acero al carbono; densidad 7.85 t/m³; factor de arco=30%; proceso=GMAW (MIG); posición=horizontal,+20-40% en espacios confinados naval / intemperie; -10-20% con fijación/posicionamiento óptimos; inspección NDT añade tiempo,Hilo/electrodo según proceso; gas (GMAW/TIG); EPP; limpieza entre pasadas,Cálculo por masa y tasa de deposición efectiva; revisar WPS real del astillero,TWI; Lincoln Electric; Miller Welds (deposición y factores)
Soldadura (Naval/Estructural),Filete a=6 mm,Soldar cordón filete 6 mm en posición vertical (GMAW (MIG)),h/m de cordón,5.1802,0.193,1 soldador,a=6 mm; acero al carbono; densidad 7.85 t/m³; factor de arco=30%; proceso=GMAW (MIG); posición=vertical,+20-40% en espacios confinados naval / intemperie; -10-20% con fijación/posicionamiento óptimos; inspección NDT añade tiempo,Hilo/electrodo según proceso; gas (GMAW/TIG); EPP; limpieza entre pasadas,Cálculo por masa y tasa de deposición efectiva; revisar WPS real del astillero,TWI; Lincoln Electric; Miller Welds (deposición y factores)
Soldadura (Naval/Estructural),Filete a=6 mm,Soldar cordón filete 6 mm en posición sobre-cabeza (GMAW (MIG)),h/m de cordón,4.4895,0.223,1 soldador,a=6 mm; acero al carbono; densidad 7.85 t/m³; factor de arco=30%; proceso=GMAW (MIG); posición=sobre-cabeza,+20-40% en espacios confinados naval / intemperie; -10-20% con fijación/posicionamiento óptimos; inspección NDT añade tiempo,Hilo/electrodo según proceso; gas (GMAW/TIG); EPP; limpieza entre pasadas,Cálculo por masa y tasa de deposición efectiva; revisar WPS real del astillero,TWI; Lincoln Electric; Miller Welds (deposición y factores)
Soldadura (Naval/Estructural),Filete a=6 mm,Soldar cordón filete 6 mm en posición plana (FCAW),h/m de cordón,10.5106,0.095,1 soldador,a=6 mm; acero al carbono; densidad 7.85 t/m³; factor de arco=30%; proceso=FCAW; posición=plana,+20-40% en espacios confinados naval / intemperie; -10-20% con fijación/posicionamiento óptimos; inspección NDT añade tiempo,Hilo/electrodo según proceso; gas (GMAW/TIG); EPP; limpieza entre pasadas,Cálculo por masa y tasa de deposición efectiva; revisar WPS real del astillero,TWI; Lincoln Electric; Miller Welds (deposición y factores)
Soldadura (Naval/Estructural),Filete a=6 mm,Soldar cordón filete 6 mm en posición horizontal (FCAW),h/m de cordón,9.4595,0.106,1 soldador,a=6 mm; acero al carbono; densidad 7.85 t/m³; factor de arco=30%; proceso=FCAW; posición=horizontal,+20-40% en espacios confinados naval / intemperie; -10-20% con fijación/posicionamiento óptimos; inspección NDT añade tiempo,Hilo/electrodo según proceso; gas (GMAW/TIG); EPP; limpieza entre pasadas,Cálculo por masa y tasa de deposición efectiva; revisar WPS real del astillero,TWI; Lincoln Electric; Miller Welds (deposición y factores)
Soldadura (Naval/Estructural),Filete a=6 mm,Soldar cordón filete 6 mm en posición vertical (FCAW),h/m de cordón,7.883,0.127,1 soldador,a=6 mm; acero al carbono; densidad 7.85 t/m³; factor de arco=30%; proceso=FCAW; posición=vertical,+20-40% en espacios confinados naval / intemperie; -10-20% con fijación/posicionamiento óptimos; inspección NDT añade tiempo,Hilo/electrodo según proceso; gas (GMAW/TIG); EPP; limpieza entre pasadas,Cálculo por masa y tasa de deposición efectiva; revisar WPS real del astillero,TWI; Lincoln Electric; Miller Welds (deposición y factores)
Soldadura (Naval/Estructural),Filete a=6 mm,Soldar cordón filete 6 mm en posición sobre-cabeza (FCAW),h/m de cordón,6.8319,0.146,1 soldador,a=6 mm; acero al carbono; densidad 7.85 t/m³; factor de arco=30%; proceso=FCAW; posición=sobre-cabeza,+20-40% en espacios confinados naval / intemperie; -10-20% con fijación/posicionamiento óptimos; inspección NDT añade tiempo,Hilo/electrodo según proceso; gas (GMAW/TIG); EPP; limpieza entre pasadas,Cálculo por masa y tasa de deposición efectiva; revisar WPS real del astillero,TWI; Lincoln Electric; Miller Welds (deposición y factores)
Soldadura (Naval/Estructural),Filete a=6 mm,Soldar cordón filete 6 mm en posición plana (SMAW (Electrodo)),h/m de cordón,3.003,0.333,1 soldador,a=6 mm; acero al carbono; densidad 7.85 t/m³; factor de arco=30%; proceso=SMAW (Electrodo); posición=plana,+20-40% en espacios confinados naval / intemperie; -10-20% con fijación/posicionamiento óptimos; inspección NDT añade tiempo,Hilo/electrodo según proceso; gas (GMAW/TIG); EPP; limpieza entre pasadas,Cálculo por masa y tasa de deposición efectiva; revisar WPS real del astillero,TWI; Lincoln Electric; Miller Welds (deposición y factores)
Soldadura (Naval/Estructural),Filete a=6 mm,Soldar cordón filete 6 mm en posición horizontal (SMAW (Electrodo)),h/m de cordón,2.7027,0.37,1 soldador,a=6 mm; acero al carbono; densidad 7.85 t/m³; factor de arco=30%; proceso=SMAW (Electrodo); posición=horizontal,+20-40% en espacios confinados naval / intemperie; -10-20% con fijación/posicionamiento óptimos; inspección NDT añade tiempo,Hilo/electrodo según proceso; gas (GMAW/TIG); EPP; limpieza entre pasadas,Cálculo por masa y tasa de deposición efectiva; revisar WPS real del astillero,TWI; Lincoln Electric; Miller Welds (deposición y factores)
Soldadura (Naval/Estructural),Filete a=6 mm,Soldar cordón filete 6 mm en posición vertical (SMAW (Electrodo)),h/m de cordón,2.2523,0.444,1 soldador,a=6 mm; acero al carbono; densidad 7.85 t/m³; factor de arco=30%; proceso=SMAW (Electrodo); posición=vertical,+20-40% en espacios confinados naval / intemperie; -10-20% con fijación/posicionamiento óptimos; inspección NDT añade tiempo,Hilo/electrodo según proceso; gas (GMAW/TIG); EPP; limpieza entre pasadas,Cálculo por masa y tasa de deposición efectiva; revisar WPS real del astillero,TWI; Lincoln Electric; Miller Welds (deposición y factores)
Soldadura (Naval/Estructural),Filete a=6 mm,Soldar cordón filete 6 mm en posición sobre-cabeza (SMAW (Electrodo)),h/m de cordón,1.952,0.512,1 soldador,a=6 mm; acero al carbono; densidad 7.85 t/m³; factor de arco=30%; proceso=SMAW (Electrodo); posición=sobre-cabeza,+20-40% en espacios confinados naval / intemperie; -10-20% con fijación/posicionamiento óptimos; inspección NDT añade tiempo,Hilo/electrodo según proceso; gas (GMAW/TIG); EPP; limpieza entre pasadas,Cálculo por masa y tasa de deposición efectiva; revisar WPS real del astillero,TWI; Lincoln Electric; Miller Welds (deposición y factores)
Soldadura (Naval/Estructural),Filete a=6 mm,Soldar cordón filete 6 mm en posición plana (GTAW (TIG)),h/m de cordón,1.8769,0.533,1 soldador,a=6 mm; acero al carbono; densidad 7.85 t/m³; factor de arco=30%; proceso=GTAW (TIG); posición=plana,+20-40% en espacios confinados naval / intemperie; -10-20% con fijación/posicionamiento óptimos; inspección NDT añade tiempo,Hilo/electrodo según proceso; gas (GMAW/TIG); EPP; limpieza entre pasadas,Cálculo por masa y tasa de deposición efectiva; revisar WPS real del astillero,TWI; Lincoln Electric; Miller Welds (deposición y factores)
Soldadura (Naval/Estructural),Filete a=6 mm,Soldar cordón filete 6 mm en posición horizontal (GTAW (TIG)),h/m de cordón,1.6892,0.592,1 soldador,a=6 mm; acero al carbono; densidad 7.85 t/m³; factor de arco=30%; proceso=GTAW (TIG); posición=horizontal,+20-40% en espacios confinados naval / intemperie; -10-20% con fijación/posicionamiento óptimos; inspección NDT añade tiempo,Hilo/electrodo según proceso; gas (GMAW/TIG); EPP; limpieza entre pasadas,Cálculo por masa y tasa de deposición efectiva; revisar WPS real del astillero,TWI; Lincoln Electric; Miller Welds (deposición y factores)
Soldadura (Naval/Estructural),Filete a=6 mm,Soldar cordón filete 6 mm en posición vertical (GTAW (TIG)),h/m de cordón,1.4077,0.71,1 soldador,a=6 mm; acero al carbono; densidad 7.85 t/m³; factor de arco=30%; proceso=GTAW (TIG); posición=vertical,+20-40% en espacios confinados naval / intemperie; -10-20% con fijación/posicionamiento óptimos; inspección NDT añade tiempo,Hilo/electrodo según proceso; gas (GMAW/TIG); EPP; limpieza entre pasadas,Cálculo por masa y tasa de deposición efectiva; revisar WPS real del astillero,TWI; Lincoln Electric; Miller Welds (deposición y factores)
Soldadura (Naval/Estructural),Filete a=6 mm,Soldar cordón filete 6 mm en posición sobre-cabeza (GTAW (TIG)),h/m de cordón,1.22,0.82,1 soldador,a=6 mm; acero al carbono; densidad 7.85 t/m³; factor de arco=30%; proceso=GTAW (TIG); posición=sobre-cabeza,+20-40% en espacios confinados naval / intemperie; -10-20% con fijación/posicionamiento óptimos; inspección NDT añade tiempo,Hilo/electrodo según proceso; gas (GMAW/TIG); EPP; limpieza entre pasadas,Cálculo por masa y tasa de deposición efectiva; revisar WPS real del astillero,TWI; Lincoln Electric; Miller Welds (deposición y factores)
Soldadura (Naval/Estructural),Filete a=8 mm,Soldar cordón filete 8 mm en posición plana (GMAW (MIG)),h/m de cordón,3.8852,0.257,1 soldador,a=8 mm; acero al carbono; densidad 7.85 t/m³; factor de arco=30%; proceso=GMAW (MIG); posición=plana,+20-40% en espacios confinados naval / intemperie; -10-20% con fijación/posicionamiento óptimos; inspección NDT añade tiempo,Hilo/electrodo según proceso; gas (GMAW/TIG); EPP; limpieza entre pasadas,Cálculo por masa y tasa de deposición efectiva; revisar WPS real del astillero,TWI; Lincoln Electric; Miller Welds (deposición y factores)
Soldadura (Naval/Estructural),Filete a=8 mm,Soldar cordón filete 8 mm en posición horizontal (GMAW (MIG)),h/m de cordón,3.4967,0.286,1 soldador,a=8 mm; acero al carbono; densidad 7.85 t/m³; factor de arco=30%; proceso=GMAW (MIG); posición=horizontal,+20-40% en espacios confinados naval / intemperie; -10-20% con fijación/posicionamiento óptimos; inspección NDT añade tiempo,Hilo/electrodo según proceso; gas (GMAW/TIG); EPP; limpieza entre pasadas,Cálculo por masa y tasa de deposición efectiva; revisar WPS real del astillero,TWI; Lincoln Electric; Miller Welds (deposición y factores)
Soldadura (Naval/Estructural),Filete a=8 mm,Soldar cordón filete 8 mm en posición vertical (GMAW (MIG)),h/m de cordón,2.9139,0.343,1 soldador,a=8 mm; acero al carbono; densidad 7.85 t/m³; factor de arco=30%; proceso=GMAW (MIG); posición=vertical,+20-40% en espacios confinados naval / intemperie; -10-20% con fijación/posicionamiento óptimos; inspección NDT añade tiempo,Hilo/electrodo según proceso; gas (GMAW/TIG); EPP; limpieza entre pasadas,Cálculo por masa y tasa de deposición efectiva; revisar WPS real del astillero,TWI; Lincoln Electric; Miller Welds (deposición y factores)
Soldadura (Naval/Estructural),Filete a=8 mm,Soldar cordón filete 8 mm en posición sobre-cabeza (GMAW (MIG)),h/m de cordón,2.5254,0.396,1 soldador,a=8 mm; acero al carbono; densidad 7.85 t/m³; factor de arco=30%; proceso=GMAW (MIG); posición=sobre-cabeza,+20-40% en espacios confinados naval / intemperie; -10-20% con fijación/posicionamiento óptimos; inspección NDT añade tiempo,Hilo/electrodo según proceso; gas (GMAW/TIG); EPP; limpieza entre pasadas,Cálculo por masa y tasa de deposición efectiva; revisar WPS real del astillero,TWI; Lincoln Electric; Miller Welds (deposición y factores)
Soldadura (Naval/Estructural),Filete a=8 mm,Soldar cordón filete 8 mm en posición plana (FCAW),h/m de cordón,5.9122,0.169,1 soldador,a=8 mm; acero al carbono; densidad 7.85 t/m³; factor de arco=30%; proceso=FCAW; posición=plana,+20-40% en espacios confinados naval / intemperie; -10-20% con fijación/posicionamiento óptimos; inspección NDT añade tiempo,Hilo/electrodo según proceso; gas (GMAW/TIG); EPP; limpieza entre pasadas,Cálculo por masa y tasa de deposición efectiva; revisar WPS real del astillero,TWI; Lincoln Electric; Miller Welds (deposición y factores)
Soldadura (Naval/Estructural),Filete a=8 mm,Soldar cordón filete 8 mm en posición horizontal (FCAW),h/m de cordón,5.321,0.188,1 soldador,a=8 mm; acero al carbono; densidad 7.85 t/m³; factor de arco=30%; proceso=FCAW; posición=horizontal,+20-40% en espacios confinados naval / intemperie; -10-20% con fijación/posicionamiento óptimos; inspección NDT añade tiempo,Hilo/electrodo según proceso; gas (GMAW/TIG); EPP; limpieza entre pasadas,Cálculo por masa y tasa de deposición efectiva; revisar WPS real del astillero,TWI; Lincoln Electric; Miller Welds (deposición y factores)
Soldadura (Naval/Estructural),Filete a=8 mm,Soldar cordón filete 8 mm en posición vertical (FCAW),h/m de cordón,4.4342,0.226,1 soldador,a=8 mm; acero al carbono; densidad 7.85 t/m³; factor de arco=30%; proceso=FCAW; posición=vertical,+20-40% en espacios confinados naval / intemperie; -10-20% con fijación/posicionamiento óptimos; inspección NDT añade tiempo,Hilo/electrodo según proceso; gas (GMAW/TIG); EPP; limpieza entre pasadas,Cálculo por masa y tasa de deposición efectiva; revisar WPS real del astillero,TWI; Lincoln Electric; Miller Welds (deposición y factores)
Soldadura (Naval/Estructural),Filete a=8 mm,Soldar cordón filete 8 mm en posición sobre-cabeza (FCAW),h/m de cordón,3.8429,0.26,1 soldador,a=8 mm; acero al carbono; densidad 7.85 t/m³; factor de arco=30%; proceso=FCAW; posición=sobre-cabeza,+20-40% en espacios confinados naval / intemperie; -10-20% con fijación/posicionamiento óptimos; inspección NDT añade tiempo,Hilo/electrodo según proceso; gas (GMAW/TIG); EPP; limpieza entre pasadas,Cálculo por masa y tasa de deposición efectiva; revisar WPS real del astillero,TWI; Lincoln Electric; Miller Welds (deposición y factores)
Soldadura (Naval/Estructural),Filete a=8 mm,Soldar cordón filete 8 mm en posición plana (SMAW (Electrodo)),h/m de cordón,1.6892,0.592,1 soldador,a=8 mm; acero al carbono; densidad 7.85 t/m³; factor de arco=30%; proceso=SMAW (Electrodo); posición=plana,+20-40% en espacios confinados naval / intemperie; -10-20% con fijación/posicionamiento óptimos; inspección NDT añade tiempo,Hilo/electrodo según proceso; gas (GMAW/TIG); EPP; limpieza entre pasadas,Cálculo por masa y tasa de deposición efectiva; revisar WPS real del astillero,TWI; Lincoln Electric; Miller Welds (deposición y factores)
Soldadura (Naval/Estructural),Filete a=8 mm,Soldar cordón filete 8 mm en posición horizontal (SMAW (Electrodo)),h/m de cordón,1.5203,0.658,1 soldador,a=8 mm; acero al carbono; densidad 7.85 t/m³; factor de arco=30%; proceso=SMAW (Electrodo); posición=horizontal,+20-40% en espacios confinados naval / intemperie; -10-20% con fijación/posicionamiento óptimos; inspección NDT añade tiempo,Hilo/electrodo según proceso; gas (GMAW/TIG); EPP; limpieza entre pasadas,Cálculo por masa y tasa de deposición efectiva; revisar WPS real del astillero,TWI; Lincoln Electric; Miller Welds (deposición y factores)
Soldadura (Naval/Estructural),Filete a=8 mm,Soldar cordón filete 8 mm en posición vertical (SMAW (Electrodo)),h/m de cordón,1.2669,0.789,1 soldador,a=8 mm; acero al carbono; densidad 7.85 t/m³; factor de arco=30%; proceso=SMAW (Electrodo); posición=vertical,+20-40% en espacios confinados naval / intemperie; -10-20% con fijación/posicionamiento óptimos; inspección NDT añade tiempo,Hilo/electrodo según proceso; gas (GMAW/TIG); EPP; limpieza entre pasadas,Cálculo por masa y tasa de deposición efectiva; revisar WPS real del astillero,TWI; Lincoln Electric; Miller Welds (deposición y factores)
Soldadura (Naval/Estructural),Filete a=8 mm,Soldar cordón filete 8 mm en posición sobre-cabeza (SMAW (Electrodo)),h/m de cordón,1.098,0.911,1 soldador,a=8 mm; acero al carbono; densidad 7.85 t/m³; factor de arco=30%; proceso=SMAW (Electrodo); posición=sobre-cabeza,+20-40% en espacios confinados naval / intemperie; -10-20% con fijación/posicionamiento óptimos; inspección NDT añade tiempo,Hilo/electrodo según proceso; gas (GMAW/TIG); EPP; limpieza entre pasadas,Cálculo por masa y tasa de deposición efectiva; revisar WPS real del astillero,TWI; Lincoln Electric; Miller Welds (deposición y factores)
Soldadura (Naval/Estructural),Filete a=8 mm,Soldar cordón filete 8 mm en posición plana (GTAW (TIG)),h/m de cordón,1.0558,0.947,1 soldador,a=8 mm; acero al carbono; densidad 7.85 t/m³; factor de arco=30%; proceso=GTAW (TIG); posición=plana,+20-40% en espacios confinados naval / intemperie; -10-20% con fijación/posicionamiento óptimos; inspección NDT añade tiempo,Hilo/electrodo según proceso; gas (GMAW/TIG); EPP; limpieza entre pasadas,Cálculo por masa y tasa de deposición efectiva; revisar WPS real del astillero,TWI; Lincoln Electric; Miller Welds (deposición y factores)
Soldadura (Naval/Estructural),Filete a=8 mm,Soldar cordón filete 8 mm en posición horizontal (GTAW (TIG)),h/m de cordón,0.9502,1.052,1 soldador,a=8 mm; acero al carbono; densidad 7.85 t/m³; factor de arco=30%; proceso=GTAW (TIG); posición=horizontal,+20-40% en espacios confinados naval / intemperie; -10-20% con fijación/posicionamiento óptimos; inspección NDT añade tiempo,Hilo/electrodo según proceso; gas (GMAW/TIG); EPP; limpieza entre pasadas,Cálculo por masa y tasa de deposición efectiva; revisar WPS real del astillero,TWI; Lincoln Electric; Miller Welds (deposición y factores)
Soldadura (Naval/Estructural),Filete a=8 mm,Soldar cordón filete 8 mm en posición vertical (GTAW (TIG)),h/m de cordón,0.7918,1.263,1 soldador,a=8 mm; acero al carbono; densidad 7.85 t/m³; factor de arco=30%; proceso=GTAW (TIG); posición=vertical,+20-40% en espacios confinados naval / intemperie; -10-20% con fijación/posicionamiento óptimos; inspección NDT añade tiempo,Hilo/electrodo según proceso; gas (GMAW/TIG); EPP; limpieza entre pasadas,Cálculo por masa y tasa de deposición efectiva; revisar WPS real del astillero,TWI; Lincoln Electric; Miller Welds (deposición y factores)
Soldadura (Naval/Estructural),Filete a=8 mm,Soldar cordón filete 8 mm en posición sobre-cabeza (GTAW (TIG)),h/m de cordón,0.6862,1.457,1 soldador,a=8 mm; acero al carbono; densidad 7.85 t/m³; factor de arco=30%; proceso=GTAW (TIG); posición=sobre-cabeza,+20-40% en espacios confinados naval / intemperie; -10-20% con fijación/posicionamiento óptimos; inspección NDT añade tiempo,Hilo/electrodo según proceso; gas (GMAW/TIG); EPP; limpieza entre pasadas,Cálculo por masa y tasa de deposición efectiva; revisar WPS real del astillero,TWI; Lincoln Electric; Miller Welds (deposición y factores)
Soldadura (Naval/Estructural),Chapa a tope t=8 mm,Soldar unión a tope 8 mm en posición plana (GMAW (MIG)),h/m de cordón,3.7625,0.266,1 soldador,t=8 mm; bisel 60°; raíz 3 mm; refuerzo +10%; factor arco 30%,Aleación (INOX/AL) ±15-25%; accesibilidad; pases múltiples; pre/post-calentamiento,Consumible y gas; tratamiento de raíz según WPS; control de deformaciones,Estimación para cálculo; ajuste por WPS y clasificación (DNV/ABS/IACS),TWI; Lincoln Electric; The Fabricator
Soldadura (Naval/Estructural),Chapa a tope t=8 mm,Soldar unión a tope 8 mm en posición horizontal (GMAW (MIG)),h/m de cordón,3.3863,0.295,1 soldador,t=8 mm; bisel 60°; raíz 3 mm; refuerzo +10%; factor arco 30%,Aleación (INOX/AL) ±15-25%; accesibilidad; pases múltiples; pre/post-calentamiento,Consumible y gas; tratamiento de raíz según WPS; control de deformaciones,Estimación para cálculo; ajuste por WPS y clasificación (DNV/ABS/IACS),TWI; Lincoln Electric; The Fabricator
Soldadura (Naval/Estructural),Chapa a tope t=8 mm,Soldar unión a tope 8 mm en posición vertical (GMAW (MIG)),h/m de cordón,2.8219,0.354,1 soldador,t=8 mm; bisel 60°; raíz 3 mm; refuerzo +10%; factor arco 30%,Aleación (INOX/AL) ±15-25%; accesibilidad; pases múltiples; pre/post-calentamiento,Consumible y gas; tratamiento de raíz según WPS; control de deformaciones,Estimación para cálculo; ajuste por WPS y clasificación (DNV/ABS/IACS),TWI; Lincoln Electric; The Fabricator
Soldadura (Naval/Estructural),Chapa a tope t=8 mm,Soldar unión a tope 8 mm en posición sobre-cabeza (GMAW (MIG)),h/m de cordón,2.4457,0.409,1 soldador,t=8 mm; bisel 60°; raíz 3 mm; refuerzo +10%; factor arco 30%,Aleación (INOX/AL) ±15-25%; accesibilidad; pases múltiples; pre/post-calentamiento,Consumible y gas; tratamiento de raíz según WPS; control de deformaciones,Estimación para cálculo; ajuste por WPS y clasificación (DNV/ABS/IACS),TWI; Lincoln Electric; The Fabricator
Soldadura (Naval/Estructural),Chapa a tope t=8 mm,Soldar unión a tope 8 mm en posición plana (FCAW),h/m de cordón,5.7256,0.175,1 soldador,t=8 mm; bisel 60°; raíz 3 mm; refuerzo +10%; factor arco 30%,Aleación (INOX/AL) ±15-25%; accesibilidad; pases múltiples; pre/post-calentamiento,Consumible y gas; tratamiento de raíz según WPS; control de deformaciones,Estimación para cálculo; ajuste por WPS y clasificación (DNV/ABS/IACS),TWI; Lincoln Electric; The Fabricator
Soldadura (Naval/Estructural),Chapa a tope t=8 mm,Soldar unión a tope 8 mm en posición horizontal (FCAW),h/m de cordón,5.153,0.194,1 soldador,t=8 mm; bisel 60°; raíz 3 mm; refuerzo +10%; factor arco 30%,Aleación (INOX/AL) ±15-25%; accesibilidad; pases múltiples; pre/post-calentamiento,Consumible y gas; tratamiento de raíz según WPS; control de deformaciones,Estimación para cálculo; ajuste por WPS y clasificación (DNV/ABS/IACS),TWI; Lincoln Electric; The Fabricator
Soldadura (Naval/Estructural),Chapa a tope t=8 mm,Soldar unión a tope 8 mm en posición vertical (FCAW),h/m de cordón,4.2942,0.233,1 soldador,t=8 mm; bisel 60°; raíz 3 mm; refuerzo +10%; factor arco 30%,Aleación (INOX/AL) ±15-25%; accesibilidad; pases múltiples; pre/post-calentamiento,Consumible y gas; tratamiento de raíz según WPS; control de deformaciones,Estimación para cálculo; ajuste por WPS y clasificación (DNV/ABS/IACS),TWI; Lincoln Electric; The Fabricator
Soldadura (Naval/Estructural),Chapa a tope t=8 mm,Soldar unión a tope 8 mm en posición sobre-cabeza (FCAW),h/m de cordón,3.7216,0.269,1 soldador,t=8 mm; bisel 60°; raíz 3 mm; refuerzo +10%; factor arco 30%,Aleación (INOX/AL) ±15-25%; accesibilidad; pases múltiples; pre/post-calentamiento,Consumible y gas; tratamiento de raíz según WPS; control de deformaciones,Estimación para cálculo; ajuste por WPS y clasificación (DNV/ABS/IACS),TWI; Lincoln Electric; The Fabricator
Soldadura (Naval/Estructural),Chapa a tope t=8 mm,Soldar unión a tope 8 mm en posición plana (SMAW (Electrodo)),h/m de cordón,1.6359,0.611,1 soldador,t=8 mm; bisel 60°; raíz 3 mm; refuerzo +10%; factor arco 30%,Aleación (INOX/AL) ±15-25%; accesibilidad; pases múltiples; pre/post-calentamiento,Consumible y gas; tratamiento de raíz según WPS; control de deformaciones,Estimación para cálculo; ajuste por WPS y clasificación (DNV/ABS/IACS),TWI; Lincoln Electric; The Fabricator
Soldadura (Naval/Estructural),Chapa a tope t=8 mm,Soldar unión a tope 8 mm en posición horizontal (SMAW (Electrodo)),h/m de cordón,1.4723,0.679,1 soldador,t=8 mm; bisel 60°; raíz 3 mm; refuerzo +10%; factor arco 30%,Aleación (INOX/AL) ±15-25%; accesibilidad; pases múltiples; pre/post-calentamiento,Consumible y gas; tratamiento de raíz según WPS; control de deformaciones,Estimación para cálculo; ajuste por WPS y clasificación (DNV/ABS/IACS),TWI; Lincoln Electric; The Fabricator
Soldadura (Naval/Estructural),Chapa a tope t=8 mm,Soldar unión a tope 8 mm en posición vertical (SMAW (Electrodo)),h/m de cordón,1.2269,0.815,1 soldador,t=8 mm; bisel 60°; raíz 3 mm; refuerzo +10%; factor arco 30%,Aleación (INOX/AL) ±15-25%; accesibilidad; pases múltiples; pre/post-calentamiento,Consumible y gas; tratamiento de raíz según WPS; control de deformaciones,Estimación para cálculo; ajuste por WPS y clasificación (DNV/ABS/IACS),TWI; Lincoln Electric; The Fabricator
Soldadura (Naval/Estructural),Chapa a tope t=8 mm,Soldar unión a tope 8 mm en posición sobre-cabeza (SMAW (Electrodo)),h/m de cordón,1.0633,0.94,1 soldador,t=8 mm; bisel 60°; raíz 3 mm; refuerzo +10%; factor arco 30%,Aleación (INOX/AL) ±15-25%; accesibilidad; pases múltiples; pre/post-calentamiento,Consumible y gas; tratamiento de raíz según WPS; control de deformaciones,Estimación para cálculo; ajuste por WPS y clasificación (DNV/ABS/IACS),TWI; Lincoln Electric; The Fabricator
Soldadura (Naval/Estructural),Chapa a tope t=8 mm,Soldar unión a tope 8 mm en posición plana (GTAW (TIG)),h/m de cordón,1.0224,0.978,1 soldador,t=8 mm; bisel 60°; raíz 3 mm; refuerzo +10%; factor arco 30%,Aleación (INOX/AL) ±15-25%; accesibilidad; pases múltiples; pre/post-calentamiento,Consumible y gas; tratamiento de raíz según WPS; control de deformaciones,Estimación para cálculo; ajuste por WPS y clasificación (DNV/ABS/IACS),TWI; Lincoln Electric; The Fabricator
Soldadura (Naval/Estructural),Chapa a tope t=8 mm,Soldar unión a tope 8 mm en posición horizontal (GTAW (TIG)),h/m de cordón,0.9202,1.087,1 soldador,t=8 mm; bisel 60°; raíz 3 mm; refuerzo +10%; factor arco 30%,Aleación (INOX/AL) ±15-25%; accesibilidad; pases múltiples; pre/post-calentamiento,Consumible y gas; tratamiento de raíz según WPS; control de deformaciones,Estimación para cálculo; ajuste por WPS y clasificación (DNV/ABS/IACS),TWI; Lincoln Electric; The Fabricator
Soldadura (Naval/Estructural),Chapa a tope t=8 mm,Soldar unión a tope 8 mm en posición vertical (GTAW (TIG)),h/m de cordón,0.7668,1.304,1 soldador,t=8 mm; bisel 60°; raíz 3 mm; refuerzo +10%; factor arco 30%,Aleación (INOX/AL) ±15-25%; accesibilidad; pases múltiples; pre/post-calentamiento,Consumible y gas; tratamiento de raíz según WPS; control de deformaciones,Estimación para cálculo; ajuste por WPS y clasificación (DNV/ABS/IACS),TWI; Lincoln Electric; The Fabricator
Soldadura (Naval/Estructural),Chapa a tope t=8 mm,Soldar unión a tope 8 mm en posición sobre-cabeza (GTAW (TIG)),h/m de cordón,0.6646,1.505,1 soldador,t=8 mm; bisel 60°; raíz 3 mm; refuerzo +10%; factor arco 30%,Aleación (INOX/AL) ±15-25%; accesibilidad; pases múltiples; pre/post-calentamiento,Consumible y gas; tratamiento de raíz según WPS; control de deformaciones,Estimación para cálculo; ajuste por WPS y clasificación (DNV/ABS/IACS),TWI; Lincoln Electric; The Fabricator
Soldadura (Naval/Estructural),Chapa a tope t=8 mm,Soldar unión a tope 8 mm en posición plana (SAW (Arco Sumergido)),h/m de cordón,10.6333,0.094,1 soldador,t=8 mm; bisel 60°; raíz 3 mm; refuerzo +10%; factor arco 30%,Aleación (INOX/AL) ±15-25%; accesibilidad; pases múltiples; pre/post-calentamiento,Consumible y gas; tratamiento de raíz según WPS; control de deformaciones,Estimación para cálculo; ajuste por WPS y clasificación (DNV/ABS/IACS),TWI; Lincoln Electric; The Fabricator
Soldadura (Naval/Estructural),Chapa a tope t=10 mm,Soldar unión a tope 10 mm en posición plana (GMAW (MIG)),h/m de cordón,2.7148,0.368,1 soldador,t=10 mm; bisel 60°; raíz 3 mm; refuerzo +10%; factor arco 30%,Aleación (INOX/AL) ±15-25%; accesibilidad; pases múltiples; pre/post-calentamiento,Consumible y gas; tratamiento de raíz según WPS; control de deformaciones,Estimación para cálculo; ajuste por WPS y clasificación (DNV/ABS/IACS),TWI; Lincoln Electric; The Fabricator
Soldadura (Naval/Estructural),Chapa a tope t=10 mm,Soldar unión a tope 10 mm en posición horizontal (GMAW (MIG)),h/m de cordón,2.4433,0.409,1 soldador,t=10 mm; bisel 60°; raíz 3 mm; refuerzo +10%; factor arco 30%,Aleación (INOX/AL) ±15-25%; accesibilidad; pases múltiples; pre/post-calentamiento,Consumible y gas; tratamiento de raíz según WPS; control de deformaciones,Estimación para cálculo; ajuste por WPS y clasificación (DNV/ABS/IACS),TWI; Lincoln Electric; The Fabricator
Soldadura (Naval/Estructural),Chapa a tope t=10 mm,Soldar unión a tope 10 mm en posición vertical (GMAW (MIG)),h/m de cordón,2.0361,0.491,1 soldador,t=10 mm; bisel 60°; raíz 3 mm; refuerzo +10%; factor arco 30%,Aleación (INOX/AL) ±15-25%; accesibilidad; pases múltiples; pre/post-calentamiento,Consumible y gas; tratamiento de raíz según WPS; control de deformaciones,Estimación para cálculo; ajuste por WPS y clasificación (DNV/ABS/IACS),TWI; Lincoln Electric; The Fabricator
Soldadura (Naval/Estructural),Chapa a tope t=10 mm,Soldar unión a tope 10 mm en posición sobre-cabeza (GMAW (MIG)),h/m de cordón,1.7646,0.567,1 soldador,t=10 mm; bisel 60°; raíz 3 mm; refuerzo +10%; factor arco 30%,Aleación (INOX/AL) ±15-25%; accesibilidad; pases múltiples; pre/post-calentamiento,Consumible y gas; tratamiento de raíz según WPS; control de deformaciones,Estimación para cálculo; ajuste por WPS y clasificación (DNV/ABS/IACS),TWI; Lincoln Electric; The Fabricator
Soldadura (Naval/Estructural),Chapa a tope t=10 mm,Soldar unión a tope 10 mm en posición plana (FCAW),h/m de cordón,4.1312,0.242,1 soldador,t=10 mm; bisel 60°; raíz 3 mm; refuerzo +10%; factor arco 30%,Aleación (INOX/AL) ±15-25%; accesibilidad; pases múltiples; pre/post-calentamiento,Consumible y gas; tratamiento de raíz según WPS; control de deformaciones,Estimación para cálculo; ajuste por WPS y clasificación (DNV/ABS/IACS),TWI; Lincoln Electric; The Fabricator
Soldadura (Naval/Estructural),Chapa a tope t=10 mm,Soldar unión a tope 10 mm en posición horizontal (FCAW),h/m de cordón,3.7181,0.269,1 soldador,t=10 mm; bisel 60°; raíz 3 mm; refuerzo +10%; factor arco 30%,Aleación (INOX/AL) ±15-25%; accesibilidad; pases múltiples; pre/post-calentamiento,Consumible y gas; tratamiento de raíz según WPS; control de deformaciones,Estimación para cálculo; ajuste por WPS y clasificación (DNV/ABS/IACS),TWI; Lincoln Electric; The Fabricator
Soldadura (Naval/Estructural),Chapa a tope t=10 mm,Soldar unión a tope 10 mm en posición vertical (FCAW),h/m de cordón,3.0984,0.323,1 soldador,t=10 mm; bisel 60°; raíz 3 mm; refuerzo +10%; factor arco 30%,Aleación (INOX/AL) ±15-25%; accesibilidad; pases múltiples; pre/post-calentamiento,Consumible y gas; tratamiento de raíz según WPS; control de deformaciones,Estimación para cálculo; ajuste por WPS y clasificación (DNV/ABS/IACS),TWI; Lincoln Electric; The Fabricator
Soldadura (Naval/Estructural),Chapa a tope t=10 mm,Soldar unión a tope 10 mm en posición sobre-cabeza (FCAW),h/m de cordón,2.6853,0.372,1 soldador,t=10 mm; bisel 60°; raíz 3 mm; refuerzo +10%; factor arco 30%,Aleación (INOX/AL) ±15-25%; accesibilidad; pases múltiples; pre/post-calentamiento,Consumible y gas; tratamiento de raíz según WPS; control de deformaciones,Estimación para cálculo; ajuste por WPS y clasificación (DNV/ABS/IACS),TWI; Lincoln Electric; The Fabricator
Soldadura (Naval/Estructural),Chapa a tope t=10 mm,Soldar unión a tope 10 mm en posición plana (SMAW (Electrodo)),h/m de cordón,1.1804,0.847,1 soldador,t=10 mm; bisel 60°; raíz 3 mm; refuerzo +10%; factor arco 30%,Aleación (INOX/AL) ±15-25%; accesibilidad; pases múltiples; pre/post-calentamiento,Consumible y gas; tratamiento de raíz según WPS; control de deformaciones,Estimación para cálculo; ajuste por WPS y clasificación (DNV/ABS/IACS),TWI; Lincoln Electric; The Fabricator
Soldadura (Naval/Estructural),Chapa a tope t=10 mm,Soldar unión a tope 10 mm en posición horizontal (SMAW (Electrodo)),h/m de cordón,1.0623,0.941,1 soldador,t=10 mm; bisel 60°; raíz 3 mm; refuerzo +10%; factor arco 30%,Aleación (INOX/AL) ±15-25%; accesibilidad; pases múltiples; pre/post-calentamiento,Consumible y gas; tratamiento de raíz según WPS; control de deformaciones,Estimación para cálculo; ajuste por WPS y clasificación (DNV/ABS/IACS),TWI; Lincoln Electric; The Fabricator
Soldadura (Naval/Estructural),Chapa a tope t=10 mm,Soldar unión a tope 10 mm en posición vertical (SMAW (Electrodo)),h/m de cordón,0.8853,1.13,1 soldador,t=10 mm; bisel 60°; raíz 3 mm; refuerzo +10%; factor arco 30%,Aleación (INOX/AL) ±15-25%; accesibilidad; pases múltiples; pre/post-calentamiento,Consumible y gas; tratamiento de raíz según WPS; control de deformaciones,Estimación para cálculo; ajuste por WPS y clasificación (DNV/ABS/IACS),TWI; Lincoln Electric; The Fabricator
Soldadura (Naval/Estructural),Chapa a tope t=10 mm,Soldar unión a tope 10 mm en posición sobre-cabeza (SMAW (Electrodo)),h/m de cordón,0.7672,1.303,1 soldador,t=10 mm; bisel 60°; raíz 3 mm; refuerzo +10%; factor arco 30%,Aleación (INOX/AL) ±15-25%; accesibilidad; pases múltiples; pre/post-calentamiento,Consumible y gas; tratamiento de raíz según WPS; control de deformaciones,Estimación para cálculo; ajuste por WPS y clasificación (DNV/ABS/IACS),TWI; Lincoln Electric; The Fabricator
Soldadura (Naval/Estructural),Chapa a tope t=10 mm,Soldar unión a tope 10 mm en posición plana (GTAW (TIG)),h/m de cordón,0.7377,1.356,1 soldador,t=10 mm; bisel 60°; raíz 3 mm; refuerzo +10%; factor arco 30%,Aleación (INOX/AL) ±15-25%; accesibilidad; pases múltiples; pre/post-calentamiento,Consumible y gas; tratamiento de raíz según WPS; control de deformaciones,Estimación para cálculo; ajuste por WPS y clasificación (DNV/ABS/IACS),TWI; Lincoln Electric; The Fabricator
Soldadura (Naval/Estructural),Chapa a tope t=10 mm,Soldar unión a tope 10 mm en posición horizontal (GTAW (TIG)),h/m de cordón,0.664,1.506,1 soldador,t=10 mm; bisel 60°; raíz 3 mm; refuerzo +10%; factor arco 30%,Aleación (INOX/AL) ±15-25%; accesibilidad; pases múltiples; pre/post-calentamiento,Consumible y gas; tratamiento de raíz según WPS; control de deformaciones,Estimación para cálculo; ajuste por WPS y clasificación (DNV/ABS/IACS),TWI; Lincoln Electric; The Fabricator
Soldadura (Naval/Estructural),Chapa a tope t=10 mm,Soldar unión a tope 10 mm en posición vertical (GTAW (TIG)),h/m de cordón,0.5533,1.807,1 soldador,t=10 mm; bisel 60°; raíz 3 mm; refuerzo +10%; factor arco 30%,Aleación (INOX/AL) ±15-25%; accesibilidad; pases múltiples; pre/post-calentamiento,Consumible y gas; tratamiento de raíz según WPS; control de deformaciones,Estimación para cálculo; ajuste por WPS y clasificación (DNV/ABS/IACS),TWI; Lincoln Electric; The Fabricator
Soldadura (Naval/Estructural),Chapa a tope t=10 mm,Soldar unión a tope 10 mm en posición sobre-cabeza (GTAW (TIG)),h/m de cordón,0.4795,2.085,1 soldador,t=10 mm; bisel 60°; raíz 3 mm; refuerzo +10%; factor arco 30%,Aleación (INOX/AL) ±15-25%; accesibilidad; pases múltiples; pre/post-calentamiento,Consumible y gas; tratamiento de raíz según WPS; control de deformaciones,Estimación para cálculo; ajuste por WPS y clasificación (DNV/ABS/IACS),TWI; Lincoln Electric; The Fabricator
Soldadura (Naval/Estructural),Chapa a tope t=10 mm,Soldar unión a tope 10 mm en posición plana (SAW (Arco Sumergido)),h/m de cordón,7.6723,0.13,1 soldador,t=10 mm; bisel 60°; raíz 3 mm; refuerzo +10%; factor arco 30%,Aleación (INOX/AL) ±15-25%; accesibilidad; pases múltiples; pre/post-calentamiento,Consumible y gas; tratamiento de raíz según WPS; control de deformaciones,Estimación para cálculo; ajuste por WPS y clasificación (DNV/ABS/IACS),TWI; Lincoln Electric; The Fabricator
Soldadura (Naval/Estructural),Chapa a tope t=12 mm,Soldar unión a tope 12 mm en posición plana (GMAW (MIG)),h/m de cordón,2.0603,0.485,1 soldador,t=12 mm; bisel 60°; raíz 3 mm; refuerzo +10%; factor arco 30%,Aleación (INOX/AL) ±15-25%; accesibilidad; pases múltiples; pre/post-calentamiento,Consumible y gas; tratamiento de raíz según WPS; control de deformaciones,Estimación para cálculo; ajuste por WPS y clasificación (DNV/ABS/IACS),TWI; Lincoln Electric; The Fabricator
Soldadura (Naval/Estructural),Chapa a tope t=12 mm,Soldar unión a tope 12 mm en posición horizontal (GMAW (MIG)),h/m de cordón,1.8543,0.539,1 soldador,t=12 mm; bisel 60°; raíz 3 mm; refuerzo +10%; factor arco 30%,Aleación (INOX/AL) ±15-25%; accesibilidad; pases múltiples; pre/post-calentamiento,Consumible y gas; tratamiento de raíz según WPS; control de deformaciones,Estimación para cálculo; ajuste por WPS y clasificación (DNV/ABS/IACS),TWI; Lincoln Electric; The Fabricator
Soldadura (Naval/Estructural),Chapa a tope t=12 mm,Soldar unión a tope 12 mm en posición vertical (GMAW (MIG)),h/m de cordón,1.5452,0.647,1 soldador,t=12 mm; bisel 60°; raíz 3 mm; refuerzo +10%; factor arco 30%,Aleación (INOX/AL) ±15-25%; accesibilidad; pases múltiples; pre/post-calentamiento,Consumible y gas; tratamiento de raíz según WPS; control de deformaciones,Estimación para cálculo; ajuste por WPS y clasificación (DNV/ABS/IACS),TWI; Lincoln Electric; The Fabricator
Soldadura (Naval/Estructural),Chapa a tope t=12 mm,Soldar unión a tope 12 mm en posición sobre-cabeza (GMAW (MIG)),h/m de cordón,1.3392,0.747,1 soldador,t=12 mm; bisel 60°; raíz 3 mm; refuerzo +10%; factor arco 30%,Aleación (INOX/AL) ±15-25%; accesibilidad; pases múltiples; pre/post-calentamiento,Consumible y gas; tratamiento de raíz según WPS; control de deformaciones,Estimación para cálculo; ajuste por WPS y clasificación (DNV/ABS/IACS),TWI; Lincoln Electric; The Fabricator
Soldadura (Naval/Estructural),Chapa a tope t=12 mm,Soldar unión a tope 12 mm en posición plana (FCAW),h/m de cordón,3.1352,0.319,1 soldador,t=12 mm; bisel 60°; raíz 3 mm; refuerzo +10%; factor arco 30%,Aleación (INOX/AL) ±15-25%; accesibilidad; pases múltiples; pre/post-calentamiento,Consumible y gas; tratamiento de raíz según WPS; control de deformaciones,Estimación para cálculo; ajuste por WPS y clasificación (DNV/ABS/IACS),TWI; Lincoln Electric; The Fabricator
Soldadura (Naval/Estructural),Chapa a tope t=12 mm,Soldar unión a tope 12 mm en posición horizontal (FCAW),h/m de cordón,2.8217,0.354,1 soldador,t=12 mm; bisel 60°; raíz 3 mm; refuerzo +10%; factor arco 30%,Aleación (INOX/AL) ±15-25%; accesibilidad; pases múltiples; pre/post-calentamiento,Consumible y gas; tratamiento de raíz según WPS; control de deformaciones,Estimación para cálculo; ajuste por WPS y clasificación (DNV/ABS/IACS),TWI; Lincoln Electric; The Fabricator
Soldadura (Naval/Estructural),Chapa a tope t=12 mm,Soldar unión a tope 12 mm en posición vertical (FCAW),h/m de cordón,2.3514,0.425,1 soldador,t=12 mm; bisel 60°; raíz 3 mm; refuerzo +10%; factor arco 30%,Aleación (INOX/AL) ±15-25%; accesibilidad; pases múltiples; pre/post-calentamiento,Consumible y gas; tratamiento de raíz según WPS; control de deformaciones,Estimación para cálculo; ajuste por WPS y clasificación (DNV/ABS/IACS),TWI; Lincoln Electric; The Fabricator
Soldadura (Naval/Estructural),Chapa a tope t=12 mm,Soldar unión a tope 12 mm en posición sobre-cabeza (FCAW),h/m de cordón,2.0379,0.491,1 soldador,t=12 mm; bisel 60°; raíz 3 mm; refuerzo +10%; factor arco 30%,Aleación (INOX/AL) ±15-25%; accesibilidad; pases múltiples; pre/post-calentamiento,Consumible y gas; tratamiento de raíz según WPS; control de deformaciones,Estimación para cálculo; ajuste por WPS y clasificación (DNV/ABS/IACS),TWI; Lincoln Electric; The Fabricator
Soldadura (Naval/Estructural),Chapa a tope t=12 mm,Soldar unión a tope 12 mm en posición plana (SMAW (Electrodo)),h/m de cordón,0.8958,1.116,1 soldador,t=12 mm; bisel 60°; raíz 3 mm; refuerzo +10%; factor arco 30%,Aleación (INOX/AL) ±15-25%; accesibilidad; pases múltiples; pre/post-calentamiento,Consumible y gas; tratamiento de raíz según WPS; control de deformaciones,Estimación para cálculo; ajuste por WPS y clasificación (DNV/ABS/IACS),TWI; Lincoln Electric; The Fabricator
Soldadura (Naval/Estructural),Chapa a tope t=12 mm,Soldar unión a tope 12 mm en posición horizontal (SMAW (Electrodo)),h/m de cordón,0.8062,1.24,1 soldador,t=12 mm; bisel 60°; raíz 3 mm; refuerzo +10%; factor arco 30%,Aleación (INOX/AL) ±15-25%; accesibilidad; pases múltiples; pre/post-calentamiento,Consumible y gas; tratamiento de raíz según WPS; control de deformaciones,Estimación para cálculo; ajuste por WPS y clasificación (DNV/ABS/IACS),TWI; Lincoln Electric; The Fabricator
Soldadura (Naval/Estructural),Chapa a tope t=12 mm,Soldar unión a tope 12 mm en posición vertical (SMAW (Electrodo)),h/m de cordón,0.6718,1.488,1 soldador,t=12 mm; bisel 60°; raíz 3 mm; refuerzo +10%; factor arco 30%,Aleación (INOX/AL) ±15-25%; accesibilidad; pases múltiples; pre/post-calentamiento,Consumible y gas; tratamiento de raíz según WPS; control de deformaciones,Estimación para cálculo; ajuste por WPS y clasificación (DNV/ABS/IACS),TWI; Lincoln Electric; The Fabricator
Soldadura (Naval/Estructural),Chapa a tope t=12 mm,Soldar unión a tope 12 mm en posición sobre-cabeza (SMAW (Electrodo)),h/m de cordón,0.5823,1.717,1 soldador,t=12 mm; bisel 60°; raíz 3 mm; refuerzo +10%; factor arco 30%,Aleación (INOX/AL) ±15-25%; accesibilidad; pases múltiples; pre/post-calentamiento,Consumible y gas; tratamiento de raíz según WPS; control de deformaciones,Estimación para cálculo; ajuste por WPS y clasificación (DNV/ABS/IACS),TWI; Lincoln Electric; The Fabricator
Soldadura (Naval/Estructural),Chapa a tope t=12 mm,Soldar unión a tope 12 mm en posición plana (GTAW (TIG)),h/m de cordón,0.5599,1.786,1 soldador,t=12 mm; bisel 60°; raíz 3 mm; refuerzo +10%; factor arco 30%,Aleación (INOX/AL) ±15-25%; accesibilidad; pases múltiples; pre/post-calentamiento,Consumible y gas; tratamiento de raíz según WPS; control de deformaciones,Estimación para cálculo; ajuste por WPS y clasificación (DNV/ABS/IACS),TWI; Lincoln Electric; The Fabricator
Soldadura (Naval/Estructural),Chapa a tope t=12 mm,Soldar unión a tope 12 mm en posición horizontal (GTAW (TIG)),h/m de cordón,0.5039,1.985,1 soldador,t=12 mm; bisel 60°; raíz 3 mm; refuerzo +10%; factor arco 30%,Aleación (INOX/AL) ±15-25%; accesibilidad; pases múltiples; pre/post-calentamiento,Consumible y gas; tratamiento de raíz según WPS; control de deformaciones,Estimación para cálculo; ajuste por WPS y clasificación (DNV/ABS/IACS),TWI; Lincoln Electric; The Fabricator
Soldadura (Naval/Estructural),Chapa a tope t=12 mm,Soldar unión a tope 12 mm en posición vertical (GTAW (TIG)),h/m de cordón,0.4199,2.382,1 soldador,t=12 mm; bisel 60°; raíz 3 mm; refuerzo +10%; factor arco 30%,Aleación (INOX/AL) ±15-25%; accesibilidad; pases múltiples; pre/post-calentamiento,Consumible y gas; tratamiento de raíz según WPS; control de deformaciones,Estimación para cálculo; ajuste por WPS y clasificación (DNV/ABS/IACS),TWI; Lincoln Electric; The Fabricator
Soldadura (Naval/Estructural),Chapa a tope t=12 mm,Soldar unión a tope 12 mm en posición sobre-cabeza (GTAW (TIG)),h/m de cordón,0.3639,2.748,1 soldador,t=12 mm; bisel 60°; raíz 3 mm; refuerzo +10%; factor arco 30%,Aleación (INOX/AL) ±15-25%; accesibilidad; pases múltiples; pre/post-calentamiento,Consumible y gas; tratamiento de raíz según WPS; control de deformaciones,Estimación para cálculo; ajuste por WPS y clasificación (DNV/ABS/IACS),TWI; Lincoln Electric; The Fabricator
Soldadura (Naval/Estructural),Chapa a tope t=12 mm,Soldar unión a tope 12 mm en posición plana (SAW (Arco Sumergido)),h/m de cordón,5.8225,0.172,1 soldador,t=12 mm; bisel 60°; raíz 3 mm; refuerzo +10%; factor arco 30%,Aleación (INOX/AL) ±15-25%; accesibilidad; pases múltiples; pre/post-calentamiento,Consumible y gas; tratamiento de raíz según WPS; control de deformaciones,Estimación para cálculo; ajuste por WPS y clasificación (DNV/ABS/IACS),TWI; Lincoln Electric; The Fabricator
HVAC / Clima,Split doméstico 1x1,Instalación completa split 1x1 (hasta 3 m línea frigorífica),h/instalación (cuadrilla),0.2,5.0,2 técnicos HVAC,Agujero Ø60-80 mm; 1 pasada de pared; 3 m cobre 1/4-3/8; vacío y prueba; canaleta básica,"+0,3 h/m por línea extra; +0,5–1,0 h por taladro hormigón armado; +0,5 h por grúa/acceso complejo","Par de tubos cobre aislados, desagüe, cableado, canaleta, soportes, taco/químico",Tiempos habituales de campo para viviendas; multi marca,Cronoshare (proceso y precios orientativos); práctica sector
HVAC / Clima,"Multi-split (2x1, 3x1)",Tiempo adicional por unidad interior adicional,h/unidad interior extra,0.5,2.0,2 técnicos HVAC,Derivaciones y conexionado; mismo par hilado; 3 m de línea,"Suma 0,3 h/m por exceso de línea; +0,5 h si techos altos o andamio","Kit flare, cobre, aislamiento, desagüe, cable",Sobre la base de un 1x1 ya colocado,Experiencia sector; Cronoshare (rangos instalación)
HVAC / Clima,Puesta en marcha,Vacío con bomba + prueba de estanqueidad,h/sistema,1.3333333333333333,0.75,1 técnico HVAC,"Circuito doméstico < 5 m y < 3,5 kW","+0,25 h por cada 5 m extra de línea","Bomba vacío, manómetros, nitrógeno",Incluye 10-20 min estabilización vacío,Práctica sector; manuales HVAC
HVAC / Clima,"Conductos chapa (26 ga, baja presión)","Colocación de tramo recto 12""x12"" (≈ 305x305mm), pieza 1,52 m","h/pieza (1,52 m)",1.1613053071652537,0.8611,2 montadores,Perímetro 'stretch-out' 4 ft; uniones cada 5 ft; anclajes estándar,Altura +10–30%; obra ocupada +15%; exteriores/intemperie +10%,"Cuelgues, tornillería, sellante, aislante si procede","Conversión ≈0,57 h/m; usar tablas SMACNA según calibre/medida",SMACNA vía MEP Academy (ejemplo de productividad)
HVAC / Clima,Difusores y rejillas,Montaje y conexionado de difusor estándar 600x600,h/unidad,2.857142857142857,0.35,2 montadores,"Plenum flexible, sellado y nivelación","+0,15 h si techo escayola frágil; +0,2 h si no hay preinstalación","Difusor, plenum, abrazaderas, tornillería",Rendimiento medio obra nueva,Práctica sector
HVAC / Clima,Aislamiento conductos,Aislar conducto rectangular con lana 25 mm + revestimiento,h/m² de superficie de conducto,0.2,0.2,2 instaladores,"Superficie accesible, cinta y sellado de juntas","+0,05 h/m² si hay muchos codos/ramales","Lana + foil, adhesivo, cinta aluminio, remates",Rendimiento típico taller/campo,Práctica sector
Pladur / PYL,Tabique sencillo 13/48/400 (Q2),Montaje estructura + 1 placa/ cara + encintado (1ª mano),h/m²,7.142857142857142,0.14,2 montadores PYL,"Altura ≤ 2,7 m; paso de instalaciones ligero; sin puertas",Altura >3 m +10-20%; muchas cajas eléctricas +10%,"Placas 12,5-15 mm, montantes, canales, tornillería, banda, pasta, cinta",Rendimiento medio; verificar sistema exacto en Pladur/Placo,Pladur/Placo (materiales por m²); práctica de obra
Pladur / PYL,"Falso techo continuo 12,5 mm",Estructura + placa + encintado inicial,h/m²,5.88235294117647,0.17,2 montadores PYL,"Altura ≤ 2,7 m; sin foseados; modulación estándar",Foseados/registrables +20-40%; luminarias empotradas +15%,"Placa, perfilería, varillas/ancoras, tornillos, pasta y cinta",Rendimiento orientativo,Obramat (rendimientos de materiales) + práctica
Pintura,Interior (manual),Aplicación pintura plástica blanca (por mano),h/m²,14.285714285714285,0.07,1 pintor + 1 ayudante (preparación),Rodillo microfibra; superficie lisa; sin gotelé,Color intenso +5-10%; muchas reparaciones +20-40%,"Pintura plástica, cinta, plásticos, rodillos/brochas",Cobertura típica y productividad media sobria,"Habitissimo (precios/hora), guías de cobertura 8–12 m²/L"
Pintura,Airless (productivo),Pintura interior con airless (por mano),h/m²,33.333333333333336,0.03,2 operarios (aplica + manguera/protecciones),Airless HEA; obra vacía/protegida,Obra ocupada +20-40%; techos altos +10-20%,"Equipo airless, pintura, protecciones",Rendimiento alto posible con obra despejada,Fabricantes airless (rendimientos altos) + práctica
Impermeabilización,Membrana líquida (PU),Aplicación 2 capas PU monocomponente terraza,h/m²,10.0,0.1,2 aplicadores,Soporte limpio y seco; sin refuerzos singulares,Suelos muy fisurados +20-30%; petos y sumideros aumentan tiempos,"PU, imprimación, malla en puntos singulares",No incluye curado; planificar tiempos muertos,Cronoshare (rangos precio) + práctica
Impermeabilización,Lámina asfáltica (APP/SBS),Suministro y soldadura lámina 4 kg,h/m²,8.333333333333334,0.12,2 aplicadores,Superficie libre; soplete; solapes estándar,Muchos encuentros +15-25%,"Lámina, soplete, imprimación, remates",Rendimiento medio,Práctica sector
Carpintería metálica,Puerta metálica peatonal,Fabricación y colocación puerta metálica sencilla,h/unidad,0.125,8.0,1 oficial + 1 ayudante (instalación),Marco existente preparado; sin obra civil,Obra civil +4-8 h; medidas especiales +20%,"Chapa/perfil, bisagras, cerradura, anclajes",Fabricación puede estar externalizada,Práctica sector
Carpintería de madera,Puerta interior DM lacada,Colocación (sin fabricar),h/unidad,0.5,2.0,1 carpintero + 1 ayudante,"Hueco preparado, herrajes estándar","Ajustes de marco +0,5-1,0 h","Espumas, cuñas, burletes, herrajes",Solo instalación,Práctica sector
Aluminio/PVC,Ventana corredera 1200x1200,Instalación (sin obra),h/unidad,0.6666666666666666,1.5,2 instaladores,Retirada ventana antigua no incluida,"Retirada +0,5-1,0 h; altura +0,25 h","Tornillería, cuñas, sellador, espuma PU",Sin remates de albañilería,Práctica sector
Rotulación,Vinilo monomérico (instalación),Colocación sobre cristal 1x2 m,h/m²,4.0,0.25,2 rotulistas,"Superficie limpia, acceso cómodo",Alturas/andamio +15-30%,"Vinilo, espátulas, agua/jabón, cutter",Incluye limpieza ligera,Práctica sector
Contenedores,Entrega/retirada 5-6 m³,Tiempo de ciclo camión (urbano),h/servicio,1.0,1.0,1 conductor + camión pluma,"Radio ≤ 10 km, tráfico medio","Tráfico, licencias, esperas en obra","Diablos/cadenas, EPIs, señalización",Ventanas de carga en ciudad pueden duplicar el tiempo,Práctica sector
